Søgeord / artikel title,Meta title,Filename
Traume (uheld),Traume (uheld) – Hvad er et traume? Læs mere her,traume-uheld-.md
Synkeforstyrelser,Synkeforstyrelser – Hvad er synkeforstyrelser? Læs mere her,synkeforstyrelser.md
Reumatologi,Reumatologi – Hvad er reumatologi? Læs mere her,reumatologi.md
Elitesport,Elitesport – Hvad er elitesport? Læs mere her,elitesport.md
Rodtryk i ryggen,Rodtryk i ryggen – Hvad er rodtryk i ryggen? Læs mere her,rodtryk-i-ryggen.md
Kroniske smerter,Kroniske smerter – Hvad er kroniske smerter? Læs mere her,kroniske-smerter.md
Færdselsuheld,Hvad er et færdselsuheld? Læs om skader og hjælp,faerdselsuheld.md
Skulder,Skulder – Hvad er en skulder? Læs om behandling og øvelser,skulder.md
Taleforstyrelser,Taleforstyrelser – Hvad er taleforstyrelser? Læs mere her,taleforstyrelser.md
Diabetes,Diabetes – Hvad er diabetes? Læs om symptomer og behandling,diabetes.md
Brud,Brud – Hvad er et brud? Læs om symptomer og behandling,brud.md
Hjerneskader,Hjerneskader – Hvad er hjerneskader? Læs om behandling her,hjerneskader.md
Overgangsalder,Overgangsalder – Hvad er overgangsalderen? Læs mere her,overgangsalder.md
Gangfunktion,Gangfunktion – Hvad er gangfunktion? Læs mere her,gangfunktion.md
Springhofte,Springhofte – Hvad er en springhofte? Bliv klogere her,springhofte.md
Forstuvning,Forstuvning – Hvad er en forstuvning? Læs om behandling her,forstuvning.md
Hoftedysplasi,Hoftedysplasi – Hvad er hoftedysplasi? Læs mere her,hoftedysplasi.md
Muskelsvind,Muskelsvind – Hvad er muskelsvind? Få hjælp og støtte her,muskelsvind.md
Tennisalbue,Tennisalbue – Hvad er tennisalbue? Få hjælp til smerte,tennisalbue.md
Urologi,Urologi – Hvad er urologi? Få indsigt i specialet her,urologi.md
Vejrtrækningsbesvær,Vejrtrækningsbesvær – Hvad er vejrtrækningsbesvær?,vejrtraekningsbesvaer.md
Kæbe,Kæbe – Hvad er en kæbe? Find hjælp til kæbesmerter her,kaebe.md
Hjemmebehandling,Hjemmebehandling – Hvad er hjemmebehandling? Find hjælp,hjemmebehandling.md
Impingement,Impingement – Hvad er impingement? Symptomer/behandling,impingement.md
Rectus diastase,Rectus diastase – Hvad er rectus diastase? Læs mere her,rectus-diastase.md
Spinalstenose i nakken,Spinalstenose i nakken – Hvad er spinalstenose i nakken?,spinalstenose-i-nakken.md
Bindevævsskader,Bindevævsskader – Hvad er en bindevævsskade? Læs mere,bindevaevsskader.md
Hypermobolitet,Hypermobilitet – Hvad er hypermobilitet? Læs mere her,hypermobolitet.md
Achillessene,Achillessene – Hvad er achillessenen? Skader og pleje,achillessene.md
Hofte,Hofte – Hvad er en hofte? Læs om problemer og behandlinger,hofte.md
Psykiske problemer,Psykiske problemer – Hvad er psykiske problemer?,psykiske-problemer.md
Spændingshovedpine,Spændingshovedpine – Hvad er spændingshovedpine?,spaendingshovedpine.md
Cystisk fibrose,Cystisk fibrose – Hvad er cystisk fibrose? Læs mere her,cystisk-fibrose.md
Stress,Stress – Hvad er stress? Læs om symptomer og behandling,stress.md
Hold i nakken,Hold i nakken – Hvad er hold i nakken? Symptomer/behandling,hold-i-nakken.md
Nedsunken forfod,Nedsunken forfod – Hvad er en nedsunken forfod? Læs mere,nedsunken-forfod.md
Ribben,Ribben – Hvad er et ribben? Læs om funktion og behandling,ribben.md
Bryst,Bryst – Hvad er et bryst? Læs om anatomi og behandling,bryst.md
Springerknæ,Springerknæ – Hvad er et springerknæ? Skader og behandling,springerknae.md
Svangseneproblematik,Svangseneproblematik – Hvad er svangseneproblematik?,svangseneproblematik.md
Gener relateret til kræft,Kræft gener – Hvad er gener relateret til kræft? Læs mere her,gener-relateret-til-kraeft.md
Rotatorcuff,Rotatorcuff – Hvad er rotatorcuff? Skader og behandling,rotatorcuff.md
Hjerteklapfejl,Hjerteklapfejl – Hvad er en hjerteklapfejl? Læs mere her,hjerteklapfejl.md
Albue,Albue – Hvad er en albue? Læs om skader og behandlinger,albue.md
Leddegigt,Leddegigt – Hvad er leddegigt? Symptomer og behandling,leddegigt.md
Haleben,Haleben – Hvad er et haleben? Læs om smerter & behandling,haleben.md
Migræne,Migræne – Hvad er migræne? Symptomer og behandling,migraene.md
Ansigt,Ansigt – Hvad er et ansigt? Anatomi og hjælp til ansigtssmerter,ansigt.md
Ældre,Ældre – Hvad er en ældre? Helbredsproblemer og behandling,aeldre.md
Håndled,Håndled – Hvad er et håndled? Læs om skader og behandling,haandled.md
Bakers cyste,Bakers cyste – Hvad er en bakers cyste? Læs mere her,bakers-cyste.md
Hjernetumor,Hjernetumor – Hvad er en hjernetumor? Læs mere her,hjernetumor.md
Neurologiske lidelser,Neurologiske lidelser – Hvad er neurologiske lidelser?,neurologiske-lidelser.md
Psykologiske udfordringer,Psykologiske udfordringer – Hvad er psykologiske udfordringer?,psykologiske-udfordringer.md
Karpal tunnel,Karpal tunnel – Hvad er karpaltunnel? Symptomer/behandling,karpal-tunnel.md
Sportsskader,Sportsskader – Hvad er en sportsskade? Læs om forebyggelse,sportsskader.md
Arbejdsskader,Arbejdsskader – Hvad er en arbejdsskade? Læs mere her,arbejdsskader.md
Forkalkning,Forkalkning – Hvad er forkalkning? Symptomer og behandling,forkalkning.md
Hovedpine,Hovedpine – Hvad er hovedpine? Årsager og behandling,hovedpine.md
Discusprolaps i ryggen,Discusprolaps i ryggen – Hvad er discusprolaps? Læs mere,discusprolaps-i-ryggen.md
Hjerteiskæmi,Hjerteiskæmi – Hvad er hjerteiskæmi? Symptomer/behandling,hjerteiskaemi.md
Fitness,Fitness – Hvad er fitness? Alt om at holde sig i gang,fitness.md
Uforklarlige smerter,Uforklarlige smerter – Hvad er uforklarlige smerter? Læs mere,uforklarlige-smerter.md
Discusprolaps i nakken,Discusprolaps i nakken – Hvad er en discusprolaps i nakken?,discusprolaps-i-nakken.md
Skoliose,Skoliose – Hvad er skoliose? Symptomer og behandling,skoliose.md
Arm,Arm – Hvad er armen? Læs om skader og behandlinger,arm.md
Musearm,Musearm – Hvad er musearm? Symptomer og behandling,musearm.md
Hånd,Hånd – Hvad er hånden? Læs om skader og behandlinger,haand.md
Ankel,Ankel – Hvad er ankelskader? Læs om behandling og øvelser,ankel.md
Endometriose,Endometriose – Hvad er endometriose? Læs mere her,endometriose.md
Lunge,Lunge – Hvad er lungerne? Læs om deres funktioner,lunge.md
Fod,Fod – Hvad er foden? Bliv klogere på fodens anatomi ,fod.md
Ergonomi,Ergonomi – Hvad er ergonomi? Få en bedre kropsholdning,ergonomi.md
Frossen skulder,Frossen skulder – Hvad er en frossen skulder? Læs mere,frossen-skulder.md
Angst,Angst – Hvad er angst? Læs om behandling og hjælp,angst.md
Kost,Kost – Hvad er kost? Få hjælpe til en bedre og sundere livsstil,kost.md
Depression,Depression – Hvad er en depression? Alt om despressioner,depression.md
Hjerte,Hjerte – Hvad er et hjerte? Læs om sundhed og funktioner,hjerte.md
Artrose (slidgigt),Artrose – Hvad er slidgigt (artrose)? Symptomer og behandling,artrose-slidgigt-.md
Hælspore,Hælspore – Hvad er hælspore? Symptomer og behandling,haelspore.md
Løberknæ,Løberknæ – Hvad er et løberknæ? Symptomer og behandling,loeberknae.md
Hestefysioterapi,Hestefysioterapi – Hvad er hestefysioterapi? Læs mere her,hestefysioterapi.md
Finger,Finger – Hvad er fingre? Læs om skader og behandling,finger.md
Ryg,Ryg – Hvad er ryggen? Få hjælp til dine rygproblemer,ryg.md
Blodprop,Blodprop – Hvad er en blodprop? Symptomer og behandling,blodprop.md
Balance,Balance – Hvad er balance? Læs om vigtigheden her,balance.md
Osteoporose,Osteoporose – Hvad er osteoporose? Symptomer/behandling,osteoporose.md
Ben,Ben – Hvad er benet? Læs om skader og behandlinger her,ben.md
Øret,Øret – Hvad er et øre? Læs om ørets anatomi her,oeret.md
Kropsholdning,Kropsholdning – Hvad er god kropsholdning? Bliv klogere her,kropsholdning.md
Golfalbue,Golfalbue – Hvad er en golfalbue? Symptomer og behandling,golfalbue.md
Parkinson,Parkinson – Hvad er Parkinson? Find hjælp til behandling,parkinson.md
Menstruationssmerter,Menstruationssmerter – Hvad er menstruationssmerter?,menstruationssmerter.md
Gravide,Gravide – Hvad er fysioterapi for gravide? Bliv klogere her,gravide.md
Hold i ryggen,Hold i ryggen – Hvad er hold i ryggen? Læs mere her,hold-i-ryggen.md
Knæ,Knæ – Hvad er knæet? Læs om skader og behandlinger,knae.md
Spinalstenose i ryggen,Spinalstenose i ryggen – Hvad er spinalstenose? Læs mere,spinalstenose-i-ryggen.md
Overbelastningsskade,Overbelastningsskade – Hvad er en overbelastningsskade?,overbelastningsskade.md
Apopleksi,Apopleksi – Hvad er apopleksi? Symptomer og behandling,apopleksi.md
Rodtryk i nakken,Rodtryk i nakken – Hvad er rodtryk i nakken? Læs mere her,rodtryk-i-nakken.md
Whiplash (piskesmæld),Piskesmæld – Hvad er et piskesmæld? Symptomer/behandling,whiplash-piskesmaeld-.md
Astma,Astma – Hvad er astma? Læs om symptomer og behandling,astma.md
Inkontinens,Inkontinens – Hvad er inkontinens? Bliv klogere her,inkontinens.md
Gyn Obs,Gyn Obs – Hvad er gynækologi og obstetrik? Læs mere her,gyn-obs.md
PTSD,PTSD – Hvad er PTSD? Alt om post-traumatic stress disorder,ptsd.md
Fibromyalgi,Fibromyalgi – Hvad er fibromyalgi? Symptomer og behandling,fibromyalgi.md
KOL,KOL – Hvad er KOL? Læs om symptomer og behandling,kol.md
Lyske,Lyske – Hvad er lyskeskader? Forebyggelse og behandling,lyske.md
Løb,Løb – Hvad er løb? Alt om løb og tips til at komme i gang,loeb.md
Mave,Mave – Hvad er maven? Læs om anatomi og behandling,mave.md
Svimmelhed,Svimmelhed – Hvad er svimmelhed? Årsager og behandling,svimmelhed.md
Udbrændthed,Udbrændthed – Hvad er udbrændthed? Symptomer/behandling,udbraendthed.md
Hjernerystelse,Hjernerystelse – Hvad er en hjernerystelse?,hjernerystelse.md
Efterfødsel,Efterfødsel – Hvad er efterfødsel? Bliv klogere på restitution,efterfoedsel.md
Pes anserinus,Pes anserinus – Hvad er pes anserinus? Læs mere her,pes-anserinus.md
Børnefysioterapi,Børnefysioterapi – Hvad er børnefysioterapi? Læs mere her,boernefysioterapi.md
Balde,Baldemusklerne – Hvad er baldemuskler? Læs mere her,balde.md
Cykling,Cykling – Hvad er cykling? Læs om sundhedsfordele nu,cykling.md
Tinnitus,Tinnitus – Hvad er tinnitus? Symptomer og behandling,tinnitus.md
Hjerneblødning,Hjerneblødning – Hvad er en hjerneblødning? Læs mere her,hjernebloedning.md
Nervesmerter,Nervesmerter – Hvad er nervesmerter? Bliv klogere her,nervesmerter.md
Handicappede,Handicappede – Hvad er en handicappet? Få svar her,handicappede.md
Sklerose,Sklerose – Hvad er sklerose? Symptomer og behandling,sklerose.md
SI-led,SI-led – Hvad er et SI-led? Læs om symptomer og behandling,si-led.md
Nakke,Nakke – Hvad er nakkesmerter? Læs om nakkeproblemer,nakke.md
Øresten,Øresten – Hvad er øresten? Læs mere om svimmelhed,oeresten.md
Træning med kræft,Træning og kræft – Kan du træne med kræft? Læs mere her,traening-med-kraeft.md
Cerebral parese,Cerebral parese – Hvad er cerebral parese? Læs mere her,cerebral-parese.md
Kræft,Kræft – Hvad er kræft? Læs om symptomer og behandling,kraeft.md
Iskias,Iskias – Hvad er iskias? Læs om symptomer og behandling,iskias.md
Hofte impingement,Hofte impingement – Hvad er hofte impingement? Læs mere,hofte-impingement.md
Konditionstræning,Konditionstræning – Hvad er konditionstræning? Bliv klogere,konditionstraening.md
GLAiD træning,GLAiD træning – Hvad er GLAiD træning? Læs mere her,glaid-traening.md
Bækkenløsning,Bækkenløsning – Hvad er en bækkenløsning? Læs mere her,baekkenloesning.md
