Søgeord / artikel title,Meta title
Traume (uheld),Traume (uheld) – Hvad er et traume? Læs mere her
Synkeforstyrelser,Synkeforstyrelser – Hvad er synkeforstyrelser? Læs mere her
Reumatologi,Reumatologi – Hvad er reumatologi? Læs mere her
Elitesport,Elitesport – Hvad er elitesport? Læs mere her
Rodtryk i ryggen,Rodtryk i ryggen – Hvad er rodtryk i ryggen? Læs mere her
Kroniske smerter,Kroniske smerter – Hvad er kroniske smerter? Læs mere her
Færdselsuheld,Hvad er et færdselsuheld? Læs om skader og hjælp
Skulder,Skulder – Hvad er en skulder? Læs om behandling og øvelser
Taleforstyrelser,Taleforstyrelser – Hvad er taleforstyrelser? Læs mere her
Diabetes,Diabetes – Hvad er diabetes? Læs om symptomer og behandling
Brud,Brud – Hvad er et brud? Læs om symptomer og behandling
Hjerneskader,Hjerneskader – Hvad er hjerneskader? Læs om behandling her
Overgangsalder,Overgangsalder – Hvad er overgangsalderen? Læs mere her
Gangfunktion,Gangfunktion – Hvad er gangfunktion? Læs mere her
Springhofte,Springhofte – Hvad er en springhofte? Bliv klogere her
Forstuvning,Forstuvning – Hvad er en forstuvning? Læs om behandling her
Hoftedysplasi,Hoftedysplasi – Hvad er hoftedysplasi? Læs mere her
Muskelsvind,Muskelsvind – Hvad er muskelsvind? Få hjælp og støtte her
Tennisalbue,Tennisalbue – Hvad er tennisalbue? Få hjælp til smerte
Urologi,Urologi – Hvad er urologi? Få indsigt i specialet her
Vejrtrækningsbesvær,Vejrtrækningsbesvær – Hvad er vejrtrækningsbesvær?
Kæbe,Kæbe – Hvad er en kæbe? Find hjælp til kæbesmerter her
Hjemmebehandling,Hjemmebehandling – Hvad er hjemmebehandling? Find hjælp
Impingement,Impingement – Hvad er impingement? Symptomer/behandling
Rectus diastase,Rectus diastase – Hvad er rectus diastase? Læs mere her
Spinalstenose i nakken,Spinalstenose i nakken – Hvad er spinalstenose i nakken?
Bindevævsskader,Bindevævsskader – Hvad er en bindevævsskade? Læs mere
Hypermobolitet,Hypermobilitet – Hvad er hypermobilitet? Læs mere her
Achillessene,Achillessene – Hvad er achillessenen? Skader og pleje
Hofte,Hofte – Hvad er en hofte? Læs om problemer og behandlinger
Psykiske problemer,Psykiske problemer – Hvad er psykiske problemer?
Spændingshovedpine,Spændingshovedpine – Hvad er spændingshovedpine?
Cystisk fibrose,Cystisk fibrose – Hvad er cystisk fibrose? Læs mere her
Stress,Stress – Hvad er stress? Læs om symptomer og behandling
Hold i nakken,Hold i nakken – Hvad er hold i nakken? Symptomer/behandling
Nedsunken forfod,Nedsunken forfod – Hvad er en nedsunken forfod? Læs mere
Ribben,Ribben – Hvad er et ribben? Læs om funktion og behandling
Bryst,Bryst – Hvad er et bryst? Læs om anatomi og behandling
Springerknæ,Springerknæ – Hvad er et springerknæ? Skader og behandling
Svangseneproblematik,Svangseneproblematik – Hvad er svangseneproblematik?
Gener relateret til kræft,Kræft gener – Hvad er gener relateret til kræft? Læs mere her
Rotatorcuff,Rotatorcuff – Hvad er rotatorcuff? Skader og behandling
Hjerteklapfejl,Hjerteklapfejl – Hvad er en hjerteklapfejl? Læs mere her
Albue,Albue – Hvad er en albue? Læs om skader og behandlinger
Leddegigt,Leddegigt – Hvad er leddegigt? Symptomer og behandling
Haleben,Haleben – Hvad er et haleben? Læs om smerter & behandling
Migræne,Migræne – Hvad er migræne? Symptomer og behandling
Ansigt,Ansigt – Hvad er et ansigt? Anatomi og hjælp til ansigtssmerter
Ældre,Ældre – Hvad er en ældre? Helbredsproblemer og behandling
Håndled,Håndled – Hvad er et håndled? Læs om skader og behandling
Bakers cyste,Bakers cyste – Hvad er en bakers cyste? Læs mere her
Hjernetumor,Hjernetumor – Hvad er en hjernetumor? Læs mere her
Neurologiske lidelser,Neurologiske lidelser – Hvad er neurologiske lidelser?
Psykologiske udfordringer,Psykologiske udfordringer – Hvad er psykologiske udfordringer?
Karpal tunnel,Karpal tunnel – Hvad er karpaltunnel? Symptomer/behandling
Sportsskader,Sportsskader – Hvad er en sportsskade? Læs om forebyggelse
Arbejdsskader,Arbejdsskader – Hvad er en arbejdsskade? Læs mere her
Forkalkning,Forkalkning – Hvad er forkalkning? Symptomer og behandling
Hovedpine,Hovedpine – Hvad er hovedpine? Årsager og behandling
Discusprolaps i ryggen,Discusprolaps i ryggen – Hvad er discusprolaps? Læs mere
Hjerteiskæmi,Hjerteiskæmi – Hvad er hjerteiskæmi? Symptomer/behandling
Fitness,Fitness – Hvad er fitness? Alt om at holde sig i gang
Uforklarlige smerter,Uforklarlige smerter – Hvad er uforklarlige smerter? Læs mere
Discusprolaps i nakken,Discusprolaps i nakken – Hvad er en discusprolaps i nakken?
Skoliose,Skoliose – Hvad er skoliose? Symptomer og behandling
Arm,Arm – Hvad er armen? Læs om skader og behandlinger
Musearm,Musearm – Hvad er musearm? Symptomer og behandling
Hånd,Hånd – Hvad er hånden? Læs om skader og behandlinger
Ankel,Ankel – Hvad er ankelskader? Læs om behandling og øvelser
Endometriose,Endometriose – Hvad er endometriose? Læs mere her
Lunge,Lunge – Hvad er lungerne? Læs om deres funktioner
Fod,Fod – Hvad er foden? Bliv klogere på fodens anatomi 
Ergonomi,Ergonomi – Hvad er ergonomi? Få en bedre kropsholdning
Frossen skulder,Frossen skulder – Hvad er en frossen skulder? Læs mere
Angst,Angst – Hvad er angst? Læs om behandling og hjælp
Kost,Kost – Hvad er kost? Få hjælpe til en bedre og sundere livsstil
Depression,Depression – Hvad er en depression? Alt om despressioner
Hjerte,Hjerte – Hvad er et hjerte? Læs om sundhed og funktioner
Artrose (slidgigt),Artrose – Hvad er slidgigt (artrose)? Symptomer og behandling
Hælspore,Hælspore – Hvad er hælspore? Symptomer og behandling
Løberknæ,Løberknæ – Hvad er et løberknæ? Symptomer og behandling
Hestefysioterapi,Hestefysioterapi – Hvad er hestefysioterapi? Læs mere her
Finger,Finger – Hvad er fingre? Læs om skader og behandling
Ryg,Ryg – Hvad er ryggen? Få hjælp til dine rygproblemer
Blodprop,Blodprop – Hvad er en blodprop? Symptomer og behandling
Balance,Balance – Hvad er balance? Læs om vigtigheden her
Osteoporose,Osteoporose – Hvad er osteoporose? Symptomer/behandling
Ben,Ben – Hvad er benet? Læs om skader og behandlinger her
Øret,Øret – Hvad er et øre? Læs om ørets anatomi her
Kropsholdning,Kropsholdning – Hvad er god kropsholdning? Bliv klogere her
Golfalbue,Golfalbue – Hvad er en golfalbue? Symptomer og behandling
Parkinson,Parkinson – Hvad er Parkinson? Find hjælp til behandling
Menstruationssmerter,Menstruationssmerter – Hvad er menstruationssmerter?
Gravide,Gravide – Hvad er fysioterapi for gravide? Bliv klogere her
Hold i ryggen,Hold i ryggen – Hvad er hold i ryggen? Læs mere her
Knæ,Knæ – Hvad er knæet? Læs om skader og behandlinger
Spinalstenose i ryggen,Spinalstenose i ryggen – Hvad er spinalstenose? Læs mere
Overbelastningsskade,Overbelastningsskade – Hvad er en overbelastningsskade?
Apopleksi,Apopleksi – Hvad er apopleksi? Symptomer og behandling
Rodtryk i nakken,Rodtryk i nakken – Hvad er rodtryk i nakken? Læs mere her
Whiplash (piskesmæld),Piskesmæld – Hvad er et piskesmæld? Symptomer/behandling
Astma,Astma – Hvad er astma? Læs om symptomer og behandling
Inkontinens,Inkontinens – Hvad er inkontinens? Bliv klogere her
Gyn Obs,Gyn Obs – Hvad er gynækologi og obstetrik? Læs mere her
PTSD,PTSD – Hvad er PTSD? Alt om post-traumatic stress disorder
Fibromyalgi,Fibromyalgi – Hvad er fibromyalgi? Symptomer og behandling
KOL,KOL – Hvad er KOL? Læs om symptomer og behandling
Lyske,Lyske – Hvad er lyskeskader? Forebyggelse og behandling
Løb,Løb – Hvad er løb? Alt om løb og tips til at komme i gang
Mave,Mave – Hvad er maven? Læs om anatomi og behandling
Svimmelhed,Svimmelhed – Hvad er svimmelhed? Årsager og behandling
Udbrændthed,Udbrændthed – Hvad er udbrændthed? Symptomer/behandling
Hjernerystelse,Hjernerystelse – Hvad er en hjernerystelse?
Efterfødsel,Efterfødsel – Hvad er efterfødsel? Bliv klogere på restitution
Pes anserinus,Pes anserinus – Hvad er pes anserinus? Læs mere her
Børnefysioterapi,Børnefysioterapi – Hvad er børnefysioterapi? Læs mere her
Balde,Baldemusklerne – Hvad er baldemuskler? Læs mere her
Cykling,Cykling – Hvad er cykling? Læs om sundhedsfordele nu
Tinnitus,Tinnitus – Hvad er tinnitus? Symptomer og behandling
Hjerneblødning,Hjerneblødning – Hvad er en hjerneblødning? Læs mere her
Nervesmerter,Nervesmerter – Hvad er nervesmerter? Bliv klogere her
Handicappede,Handicappede – Hvad er en handicappet? Få svar her
Sklerose,Sklerose – Hvad er sklerose? Symptomer og behandling
SI-led,SI-led – Hvad er et SI-led? Læs om symptomer og behandling
Nakke,Nakke – Hvad er nakkesmerter? Læs om nakkeproblemer
Øresten,Øresten – Hvad er øresten? Læs mere om svimmelhed
Træning med kræft,Træning og kræft – Kan du træne med kræft? Læs mere her
Cerebral parese,Cerebral parese – Hvad er cerebral parese? Læs mere her
Kræft,Kræft – Hvad er kræft? Læs om symptomer og behandling
Iskias,Iskias – Hvad er iskias? Læs om symptomer og behandling
Hofte impingement,Hofte impingement – Hvad er hofte impingement? Læs mere
Konditionstræning,Konditionstræning – Hvad er konditionstræning? Bliv klogere
GLAiD træning,GLAiD træning – Hvad er GLAiD træning? Læs mere her
Bækkenløsning,Bækkenløsning – Hvad er en bækkenløsning? Læs mere her